<?xml version="1.0"?>
<!DOCTYPE hibernate-mapping PUBLIC
        "-//Hibernate/Hibernate Mapping DTD 3.0//EN"
        "http://hibernate.sourceforge.net/hibernate-mapping-3.0.dtd">

<hibernate-mapping>
    <class name="com.cts.domain.EmployeeDTO" table="TBL_EMPLOYEE">
        <id column="EMP_ID" name="employeeId">
            <generator class="native"/>
        </id>
        <property name="salary" column="SALARY"/>
        <component name="address" class="com.cts.domain.Address">
            <property name="area" column="ADDRESS_LINE1" length="50"/>
            <property name="street" column="ADDRESS_LINE2" length="50"/>
        </component>
        <component name="employeeName" class="com.cts.domain.Name">
            <property name="firstName"/>
            <property name="lastName"/>
        </component>
    </class>
</hibernate-mapping>